{"name":"Screen Time Guardian App","short_name":"STA","description":"Stay focused and mindful with customizable timers, inspiring quotes, and gentle reminders to take breaks","start_url":"/app","scope":"/app/","display":"standalone","background_color":"#ffffff","theme_color":"#4F46E5","orientation":"portrait","prefer_related_applications":false,"id":"/app/","launch_handler":{"client_mode":["navigate-existing","auto"]},"dir":"ltr","lang":"en","related_applications":[],"scope_extensions":[{"origin":"*.screentimeguardian.com"}],"icons":[{"src":"/icons/icon192.png","sizes":"192x192","type":"image/png"},{"src":"/icons/icon512.png","sizes":"512x512","type":"image/png","purpose":"any"},{"src":"/icons/icon16.png","sizes":"16x16","type":"image/png"},{"src":"/icons/icon48.png","sizes":"48x48","type":"image/png"},{"src":"/icons/icon128.png","sizes":"128x128","type":"image/png"},{"src":"/icons/icon-maskable.png","sizes":"512x512","type":"image/png","purpose":"maskable"}],"screenshots":[{"src":"/screenshots/mobile1.png","sizes":"1080x1920","type":"image/png","form_factor":"wide"},{"src":"/screenshots/mobile2.png","sizes":"1080x1920","type":"image/png","form_factor":"wide"},{"src":"/screenshots/mobile3.png","sizes":"1080x1920","type":"image/png","form_factor":"wide"},{"src":"/screenshots/desktop1.png","sizes":"1920x1080","type":"image/png","form_factor":"wide"},{"src":"/screenshots/desktop2.png","sizes":"1920x1080","type":"image/png","form_factor":"wide"},{"src":"/screenshots/desktop3.png","sizes":"1920x1080","type":"image/png","form_factor":"wide"}],"categories":["productivity","lifestyle","utilities"]}