{"name":"Screen Time Guardian","short_name":"Screen Guard","start_url":"/src","display":"standalone","background_color":"#ffffff","lang":"en","scope":"/","description":"Stay focused and mindful with customizable timers, inspiring quotes, and gentle reminders to take breaks","theme_color":"#ffffff","icons":[{"src":"icons/icon16.png","sizes":"16x16","type":"image/png"},{"src":"icons/icon48.png","sizes":"48x48","type":"image/png"},{"src":"icons/icon128.png","sizes":"128x128","type":"image/png"},{"src":"icons/icon512.png","sizes":"512x512","type":"image/png","purpose":"any maskable"}]}