{"name":"Screen Time Guardian App","short_name":"ScreenTimerApp","description":"Stay focused and mindful with customizable timers, inspiring quotes, and gentle reminders to take breaks","start_url":"/app","scope":"/app/","display":"standalone","background_color":"#ffffff","theme_color":"#4F46E5","orientation":"portrait","icons":[{"src":"/icons/icon16.png","sizes":"16x16","type":"image/png"},{"src":"/icons/icon48.png","sizes":"48x48","type":"image/png"},{"src":"/icons/icon128.png","sizes":"128x128","type":"image/png"},{"src":"/icons/icon192.png","sizes":"192x192","type":"image/png"},{"src":"/icons/icon512.png","sizes":"512x512","type":"image/png","purpose":"any maskable"}],"categories":["productivity","lifestyle","utilities"]}